sharpe,sortino,max_drawdown_$,max_dd_duration,calmar,hit_ratio,total_pnl_$,avg_daily_pnl_$,pnl_std_$,n_days,avg_exposure
-0.09198044364755958,-0.05527645739245752,-12092.441344576126,22,-0.10922274870673979,0.5,-1315.5285326969715,-5.241149532657257,904.5473818747829,251,0.004342918176654379
